{
  "timestamp": "20260424_084731",
  "data_config": {
    "domain_size": [
      5000,
      5000,
      1000
    ],
    "background_shape": [
      50,
      50,
      10
    ],
    "n_observations": 40,
    "n_stations": 20
  },
  "assimilation_result": {
    "analysis_shape": [
      50,
      50,
      10
    ],
    "analysis_range": [
      3.4304357269139905,
      124.31077727295359
    ],
    "variance_range": [
      0.2801559622777662,
      2.249995937506891
    ]
  },
  "risk_analysis": {
    "risk_threshold": 2.359806460565072,
    "risk_percentage": 0.0,
    "high_risk_points": 0,
    "risk_zones": [
      "风险整体可控"
    ]
  }
}