{
  "observations": [
    4.41187166726135,
    287.4302080914232,
    6.283189056825223,
    287.74791298702235,
    5.415126257615855,
    286.4881986180414,
    5.124832115306008,
    286.7510749499176,
    4.41249764454655,
    285.4005383116019,
    3.8297395764164093,
    287.43454401225654,
    4.982133282472046,
    288.709014517886,
    4.8646803194258785,
    286.338140389648,
    2.678289351240745,
    288.66468178229763,
    5.490868323807613,
    287.81613518705257,
    5.197221873827228,
    286.1976091797753,
    6.142272231543089,
    285.714125351111,
    3.3763774095108245,
    288.64006158200556,
    3.601066766536473,
    287.44359408870804,
    6.2746136943154704,
    287.0919911170824,
    5.814194724834606,
    288.20691436332066,
    6.8040278901751785,
    287.4214158295918,
    4.750812815182724,
    287.10914015663457,
    5.573125148515169,
    285.4450688171077,
    3.378688304396007,
    287.2481875443324
  ],
  "obs_locations": [
    [
      1872.7005942368125,
      4753.571532049581,
      159.79909127171078
    ],
    [
      1872.7005942368125,
      4753.571532049581,
      159.79909127171078
    ],
    [
      779.9726016810132,
      290.4180608409973,
      179.92642186624028
    ],
    [
      779.9726016810132,
      290.4180608409973,
      179.92642186624028
    ],
    [
      102.92247147901223,
      4849.549260809971,
      174.86639612006326
    ],
    [
      102.92247147901223,
      4849.549260809971,
      174.86639612006326
    ],
    [
      917.0225492671691,
      1521.2112147976886,
      128.71346474483568
    ],
    [
      917.0225492671691,
      1521.2112147976886,
      128.71346474483568
    ],
    [
      3059.2644736118973,
      697.4693032602091,
      93.82169728028272
    ],
    [
      3059.2644736118973,
      697.4693032602091,
      93.82169728028272
    ],
    [
      3925.879806965068,
      998.3689107917987,
      127.13516576204174
    ],
    [
      3925.879806965068,
      998.3689107917987,
      127.13516576204174
    ],
    [
      3037.7242595071916,
      852.6206184364577,
      59.75773894779193
    ],
    [
      3037.7242595071916,
      852.6206184364577,
      59.75773894779193
    ],
    [
      488.36057003191934,
      3421.1651325607845,
      116.0228740609402
    ],
    [
      488.36057003191934,
      3421.1651325607845,
      116.0228740609402
    ],
    [
      171.94260557609198,
      4546.60201039391,
      88.81699724000254
    ],
    [
      171.94260557609198,
      4546.60201039391,
      88.81699724000254
    ],
    [
      2600.340105889054,
      2733.5513967163984,
      77.72816832882906
    ],
    [
      2600.340105889054,
      2733.5513967163984,
      77.72816832882906
    ],
    [
      442.4625102595975,
      979.914312095726,
      56.78409333658071
    ],
    [
      442.4625102595975,
      979.914312095726,
      56.78409333658071
    ],
    [
      1356.7451588694796,
      4143.687545759647,
      103.51299900403839
    ],
    [
      1356.7451588694796,
      4143.687545759647,
      103.51299900403839
    ],
    [
      704.6211248738132,
      4010.9849037701983,
      61.182596551965624
    ],
    [
      704.6211248738132,
      4010.9849037701983,
      61.182596551965624
    ],
    [
      3645.0358402049364,
      3856.3517334297285,
      61.106697760113555
    ],
    [
      3645.0358402049364,
      3856.3517334297285,
      61.106697760113555
    ],
    [
      4315.517129377968,
      3116.4906341377896,
      99.63470372789737
    ],
    [
      4315.517129377968,
      3116.4906341377896,
      99.63470372789737
    ],
    [
      1625.9166101337353,
      3648.0308916903205,
      145.63362070328196
    ],
    [
      1625.9166101337353,
      3648.0308916903205,
      145.63362070328196
    ],
    [
      597.9712296915085,
      3566.223936114975,
      164.11775729253463
    ],
    [
      597.9712296915085,
      3566.223936114975,
      164.11775729253463
    ],
    [
      2468.9779818219536,
      2613.6641469099704,
      114.13115275378244
    ],
    [
      2468.9779818219536,
      2613.6641469099704,
      114.13115275378244
    ],
    [
      1571.7799053816334,
      2542.8534558235137,
      186.13497108891394
    ],
    [
      1571.7799053816334,
      2542.8534558235137,
      186.13497108891394
    ],
    [
      3777.755692715243,
      1143.9908274581123,
      61.54698647431895
    ],
    [
      3777.755692715243,
      1143.9908274581123,
      61.54698647431895
    ]
  ],
  "obs_types": [
    "wind_speed",
    "temperature",
    "wind_speed",
    "temperature",
    "wind_speed",
    "temperature",
    "wind_speed",
    "temperature",
    "wind_speed",
    "temperature",
    "wind_speed",
    "temperature",
    "wind_speed",
    "temperature",
    "wind_speed",
    "temperature",
    "wind_speed",
    "temperature",
    "wind_speed",
    "temperature",
    "wind_speed",
    "temperature",
    "wind_speed",
    "temperature",
    "wind_speed",
    "temperature",
    "wind_speed",
    "temperature",
    "wind_speed",
    "temperature",
    "wind_speed",
    "temperature",
    "wind_speed",
    "temperature",
    "wind_speed",
    "temperature",
    "wind_speed",
    "temperature",
    "wind_speed",
    "temperature"
  ]
}