{
  "observations": [
    4.41187166726135,
    287.4302080914232,
    49.51177882701099,
    5.10478072492955,
    286.4098635082071,
    43.018764621299454,
    2.7564125862761064,
    288.47873349551134,
    62.11671146284277,
    6.072784934700307,
    288.93344597171017,
    61.76004982544924,
    5.079590604200739,
    286.731960133267,
    50.10686343749425,
    5.3451488423181654,
    287.38235409386596,
    58.903616908156486,
    2.678289351240745,
    288.66468178229763,
    74.5935643944985,
    5.068055428671134,
    287.8077120772183,
    54.90002314084568,
    5.197221873827228,
    286.1976091797753,
    70.86637203868042,
    6.345736144964453,
    287.61995528831545,
    45.22174881012714,
    6.605123654845604,
    287.9598098095291,
    65.39137967827743,
    5.760189785513245,
    288.0432910983665,
    70.68903723521022,
    6.271840170486211,
    286.6235842968715,
    50.49646932148145,
    3.8971758763733186,
    287.49098193796596,
    68.90344032567606,
    6.352304799779015,
    287.2544714038778,
    42.08173071689796,
    6.038314333219613,
    289.05983412132133,
    62.94847035548072,
    4.071826855025806,
    288.7006789863411,
    52.241549964860496,
    5.95399480852496,
    286.5970882202549,
    53.91058046321714,
    4.6858781241291885,
    287.3729535471143,
    45.13873163017319,
    5.264230550157409,
    289.39606304249025,
    47.64423541848001
  ],
  "obs_locations": [
    [
      1872.7005942368125,
      4753.571532049581,
      159.79909127171078
    ],
    [
      1872.7005942368125,
      4753.571532049581,
      159.79909127171078
    ],
    [
      1872.7005942368125,
      4753.571532049581,
      159.79909127171078
    ],
    [
      3540.3628889802276,
      102.92247147901223,
      195.48647782429916
    ],
    [
      3540.3628889802276,
      102.92247147901223,
      195.48647782429916
    ],
    [
      3540.3628889802276,
      102.92247147901223,
      195.48647782429916
    ],
    [
      909.1248360355031,
      917.0225492671691,
      95.63633644393066
    ],
    [
      909.1248360355031,
      917.0225492671691,
      95.63633644393066
    ],
    [
      909.1248360355031,
      917.0225492671691,
      95.63633644393066
    ],
    [
      697.4693032602091,
      1460.7232426760909,
      104.95427649405376
    ],
    [
      697.4693032602091,
      1460.7232426760909,
      104.95427649405376
    ],
    [
      697.4693032602091,
      1460.7232426760909,
      104.95427649405376
    ],
    [
      998.3689107917987,
      2571.172192068058,
      138.86218532930639
    ],
    [
      998.3689107917987,
      2571.172192068058,
      138.86218532930639
    ],
    [
      998.3689107917987,
      2571.172192068058,
      138.86218532930639
    ],
    [
      488.36057003191934,
      3421.1651325607845,
      116.0228740609402
    ],
    [
      488.36057003191934,
      3421.1651325607845,
      116.0228740609402
    ],
    [
      488.36057003191934,
      3421.1651325607845,
      116.0228740609402
    ],
    [
      171.94260557609198,
      4546.60201039391,
      88.81699724000254
    ],
    [
      171.94260557609198,
      4546.60201039391,
      88.81699724000254
    ],
    [
      171.94260557609198,
      4546.60201039391,
      88.81699724000254
    ],
    [
      924.2722776276352,
      4847.923138822793,
      166.2699235041672
    ],
    [
      924.2722776276352,
      4847.923138822793,
      166.2699235041672
    ],
    [
      924.2722776276352,
      4847.923138822793,
      166.2699235041672
    ],
    [
      442.4625102595975,
      979.914312095726,
      56.78409333658071
    ],
    [
      442.4625102595975,
      979.914312095726,
      56.78409333658071
    ],
    [
      442.4625102595975,
      979.914312095726,
      56.78409333658071
    ],
    [
      1783.7666334679463,
      1404.6725484369038,
      131.40441247373727
    ],
    [
      1783.7666334679463,
      1404.6725484369038,
      131.40441247373727
    ],
    [
      1783.7666334679463,
      1404.6725484369038,
      131.40441247373727
    ],
    [
      372.75321839885413,
      4934.434683002586,
      165.8367153944986
    ],
    [
      372.75321839885413,
      4934.434683002586,
      165.8367153944986
    ],
    [
      372.75321839885413,
      4934.434683002586,
      165.8367153944986
    ],
    [
      370.2232586704518,
      1792.328642721363,
      67.38035892876945
    ],
    [
      370.2232586704518,
      1792.328642721363,
      67.38035892876945
    ],
    [
      370.2232586704518,
      1792.328642721363,
      67.38035892876945
    ],
    [
      1654.490124263246,
      317.79175143011815,
      96.64734825734934
    ],
    [
      1654.490124263246,
      317.79175143011815,
      96.64734825734934
    ],
    [
      1654.490124263246,
      317.79175143011815,
      96.64734825734934
    ],
    [
      2361.0746258097465,
      597.9712296915085,
      156.98671808344926
    ],
    [
      2361.0746258097465,
      597.9712296915085,
      156.98671808344926
    ],
    [
      2361.0746258097465,
      597.9712296915085,
      156.98671808344926
    ],
    [
      3854.835899772805,
      2468.9779818219536,
      128.40992440729912
    ],
    [
      3854.835899772805,
      2468.9779818219536,
      128.40992440729912
    ],
    [
      3854.835899772805,
      2468.9779818219536,
      128.40992440729912
    ],
    [
      2542.8534558235137,
      4537.832369630465,
      87.39383437233124
    ],
    [
      2542.8534558235137,
      4537.832369630465,
      87.39383437233124
    ],
    [
      2542.8534558235137,
      4537.832369630465,
      87.39383437233124
    ],
    [
      1143.9908274581123,
      384.899549143965,
      93.46271793706521
    ],
    [
      1143.9908274581123,
      384.899549143965,
      93.46271793706521
    ],
    [
      1143.9908274581123,
      384.899549143965,
      93.46271793706521
    ],
    [
      932.8502944301792,
      4462.794992449889,
      130.9013362873476
    ],
    [
      932.8502944301792,
      4462.794992449889,
      130.9013362873476
    ],
    [
      932.8502944301792,
      4462.794992449889,
      130.9013362873476
    ],
    [
      1139.6758127097085,
      2135.5389431312815,
      172.702214888374
    ],
    [
      1139.6758127097085,
      2135.5389431312815,
      172.702214888374
    ],
    [
      1139.6758127097085,
      2135.5389431312815,
      172.702214888374
    ],
    [
      1688.0758570181397,
      4714.548519562596,
      98.48043980311328
    ],
    [
      1688.0758570181397,
      4714.548519562596,
      98.48043980311328
    ],
    [
      1688.0758570181397,
      4714.548519562596,
      98.48043980311328
    ]
  ],
  "obs_types": [
    "wind_speed",
    "temperature",
    "humidity",
    "wind_speed",
    "temperature",
    "humidity",
    "wind_speed",
    "temperature",
    "humidity",
    "wind_speed",
    "temperature",
    "humidity",
    "wind_speed",
    "temperature",
    "humidity",
    "wind_speed",
    "temperature",
    "humidity",
    "wind_speed",
    "temperature",
    "humidity",
    "wind_speed",
    "temperature",
    "humidity",
    "wind_speed",
    "temperature",
    "humidity",
    "wind_speed",
    "temperature",
    "humidity",
    "wind_speed",
    "temperature",
    "humidity",
    "wind_speed",
    "temperature",
    "humidity",
    "wind_speed",
    "temperature",
    "humidity",
    "wind_speed",
    "temperature",
    "humidity",
    "wind_speed",
    "temperature",
    "humidity",
    "wind_speed",
    "temperature",
    "humidity",
    "wind_speed",
    "temperature",
    "humidity",
    "wind_speed",
    "temperature",
    "humidity",
    "wind_speed",
    "temperature",
    "humidity",
    "wind_speed",
    "temperature",
    "humidity"
  ]
}